name,lat,lng,category
"Reed Swamp",33.06244773298955,-87.75756427364088,Lake
"William Bacon Oliver Lake",33.23395230891279,-87.52598436283704,Lake
"Crystal Lake",33.06920906409057,-87.22528969453757,Lake
"Lake Nicol",33.30591257950582,-87.47943257573421,Lake
"Rock Lakes",33.33023421778123,-87.07018838615063,Lake
"Ski Lake",33.28728180964528,-87.140897677342,Lake
"Lake Warner",33.21537452889022,-87.69475943569056,Lake
"Walker County Lake",33.80269534458255,-87.22941919208422,Lake
"Moodys Swamp",33.161165196146825,-87.61358716596568,Lake
"West Jefferson Reservoir",33.64337497981047,-87.08004470420572,Lake
"Bugs Lake",33.700278027947405,-87.656242450673,Lake
"Cypress Pond",33.06825161124117,-87.63801532433396,Lake
"Sewage Lagoon South",33.16464402495485,-87.57138601214855,Lake
"Lake Lurleen",33.297784317711674,-87.6802973736393,Lake
"Lake Harris",33.27384818917598,-87.47767321711335,Lake
"Bankhead Lake",33.4959502134601,-87.3007169375447,Lake
"Coleman Lakes",33.28079178266909,-87.03303038113955,Lake
"Lake Tuscaloosa",33.34555195020484,-87.55762248322594,Lake
"Fayette County Lake",33.652033661249185,-87.74492523770294,Lake
"Holt Lake",33.32451043241703,-87.40817019416976,Lake
"Coldwater Pond",33.359925208346006,-87.76401344097576,Lake
"Rattlesnake Lake",33.631931381068874,-87.18191241806676,Lake
"Mimosa Lake",33.15633841771965,-87.56594838650659,Lake
"Snag Lake",33.03591768306754,-87.65056005737547,Lake
"Goose Pond",33.167759539467184,-87.66139281823715,Lake
"Northwood Lake",33.25364744908491,-87.58205986593966,Lake
"Lewis Smith Lake",34.051019099325046,-87.18855423907702,Lake
"Keaton Lake",33.00336355206989,-87.69938775356732,Lake
"Sipsey Swamp",33.228979159766006,-87.78730607222451,Lake
"Englewood Swamp",33.10398340012042,-87.5863682429084,Lake
"Springville Sportsmen Lake",33.71850612995525,-86.41685826229406,Lake
"Logan Martin Lake",33.609834409898454,-86.19756077625657,Lake
"Echo Lake",33.728194201837994,-86.54218774595623,Lake
"Bayview Lake",33.5583856800638,-86.96794120408573,Lake
"Brooks Lake",33.65833410343881,-86.09322853387478,Lake
"Ruffin Swamp",33.26036163398281,-86.84646728017832,Lake
"Caudles Lake",33.16950188710434,-86.39634988004302,Lake
"Lay Lake",33.105518063777744,-86.49656650778415,Lake
"Deerwood Lake",33.37538716363801,-86.47410456572686,Lake
"McCay Lake",33.85555455823896,-86.77277682222417,Lake
"Great Pine Lake",33.45128600056459,-86.5971069899735,Lake
"Zamora Lake",33.751194162204165,-86.60588996949298,Lake
"Ingram Arkadelphia Lake",33.922379499217456,-86.91181381488681,Lake
"Lunker Lake",33.37987997342923,-86.69080622789465,Lake
"Chandler Mountain Lake",33.94556748326084,-86.23718772282147,Lake
"Tallaseehatchee Watershed Number 1",33.201511971915984,-86.18312486090987,Lake
"Indian Valley Lake",33.376462688342244,-86.76306815687795,Lake
"H Neely Henry Lake",33.904210884149414,-86.04312095238357,Lake
"Lay Lake",33.35771617223756,-86.35857219674202,Lake
"Quickhaven Lake",33.74215860161932,-86.56859438117688,Lake
"The Narrows",33.46524442606813,-86.64595124174194,Lake
"Highland Lake",33.8876246041586,-86.42430040529646,Lake
"Heather Lake",33.4157647429652,-86.70807643086722,Lake
"Old Glade Swamp",33.29749750919031,-86.43181594075432,Lake
"Etowah Conservation Lake",33.98775744928086,-86.27842918170664,Lake
"Oak Mountain Lake",33.37086628425885,-86.70109301086775,Lake
"Pinedale Lake",33.83785111996591,-86.31480002225314,Lake
"Wehapa Lake",33.47006253534602,-86.56988805417922,Lake
"Hollybrook Lake",33.458302863961414,-86.59038554921646,Lake
"Double Oak Lake",33.32823098027837,-86.75656944832674,Lake
"Mountain Lake",33.7795973101404,-86.61218478991218,Lake
"Lake Sumatanga",33.95672079016232,-86.2647313717204,Lake
"Bounds Lake",33.227731562876585,-86.71840204453844,Lake
"Inland Lake",33.8414618340451,-86.51523066995246,Lake
"Choccolocco Creek Lake Number 7",33.7473890437042,-85.57762616135759,Lake
"High Pine Creek Lake Number 2",33.17718189148977,-85.37525069256647,Lake
"R L Harris Reservoir",33.283590598419316,-85.60402349950505,Lake
"Terrapin Creek Lake Number 8",33.99726658189353,-85.55990629266283,Lake
"Eubank Lake",33.90394215436641,-85.0868927166874,Lake
"Lake Carroll",33.59502752993528,-85.05595420203927,Lake
"Little Tallapoosa Lake",33.71314480273644,-84.9952780826604,Lake
"Richards Lake",33.56593543996296,-85.06315921513136,Lake
"La Garde Lake",33.96318507798542,-85.55081223219973,Lake
"Humphries Lake",33.65993025924155,-85.00559511913593,Lake
"Terrapin Creek Lake Number 33",33.92250936601613,-85.45890479765308,Lake
"Choccolocco Number 11 Lake",33.56893566900109,-85.74725421249148,Lake
"Finks Lake",33.743512145617146,-85.84190599230024,Lake
"West Point Lake",33.05850690208839,-85.1423584875776,Lake
"Crystal Lake",33.188068164398935,-85.41157122756847,Lake
"Piney Woods Lake",33.058034498596406,-85.05201798963778,Lake
"Nelson Lake",33.405184388552286,-85.49521469432136,Lake
"Lake Olympia",33.81570109205653,-85.14040293830934,Lake
"Lake Gerald",33.433567877135836,-85.67432921127092,Lake
"Callaway Lake",33.05453556323964,-85.06791715083885,Lake
"Boy Scout Lake",33.520066450057975,-85.6671335767729,Lake
"Lees Lake",33.883418675326205,-85.92972478836552,Lake
"Whitesides Mill Lake",33.74025274390798,-85.65128207976343,Lake
"Hannah Swamp",33.81361400027853,-84.98964197373039,Lake
"Tumlin Lake",33.74808491655226,-84.95715666759669,Lake
"Lake Tyrone",33.44942080931621,-84.61641957749751,Lake
"Berkeley Lake",33.98327893498385,-84.18283218585901,Lake
"Jones Millpond",33.08330047417497,-84.61753126788447,Lake
"Lake Matthews",33.89520170343805,-84.03369347028797,Lake
"Shamrock Lake",33.48138810215547,-84.30145348901709,Lake
"Wynns Pond",33.4031832731912,-84.61308191891082,Lake
"Freeman Lake",33.91945594885313,-84.14402459079272,Lake
"Big Lake",33.64435579494242,-84.70400383285397,Lake
"Clearwater Lake",33.31682361368956,-84.67532174363207,Lake
"Lake Dow",33.442217130030954,-84.07802748948264,Lake
"Newnan Waterworks Reservoir Number One",33.34592394158873,-84.81184036231097,Lake
"Blalock Lake Number Two",33.292979416588764,-84.88231913922218,Lake
"Clayton County Reservoir",33.52514053875522,-84.17823057529145,Lake
"Newnan Waterworks Reservoir Number Three",33.351041315340154,-84.80098787602894,Lake
"Blalock Lakes",33.28622387148451,-84.89892238824402,Lake
"Cardinal Lake",33.97807678114822,-84.13161524301604,Lake
"Lake Bennett",33.45512742976165,-84.49596531404646,Lake
"Swan Lake",33.58426351368678,-84.20639100480358,Lake
"DeKalb County Water Works",33.937947675998,-84.28026223727815,Lake
"Legion Lake",33.79281072812988,-84.94725023248266,Lake
"Lake Val-Do-Mar",33.74276176116233,-84.89098017463051,Lake
"Heads Creek Reservoir",33.28901453917215,-84.36101536683819,Lake
"Club Lake",33.41919153792202,-84.36060932459469,Lake
"Yellow Jacket Creek Structure Number 15 Lake",33.18214256804975,-84.88164590779522,Lake
"High Falls Lake",33.190217501687115,-84.03287008519338,Lake
"Upper Twin Lake",33.63497181171777,-84.63911128594653,Lake
"Carmichel Lake",33.60000738832361,-84.75905659831749,Lake
"Norris Lake",33.7644085255329,-84.04088456906756,Lake
"Cowart Lake",33.67077795556441,-84.53513409990924,Lake
"Barnesville Reservoir",33.1212636467153,-84.11826684982616,Lake
"Sams Lake",33.4055074890566,-84.4677528869772,Lake
"Pine Valley Lake",33.83773072476642,-84.73018131247012,Lake
"Lake Peachtree",33.39767490548597,-84.57706268717557,Lake
"Stone Mountain Lake",33.81008570118174,-84.13490602347048,Lake
"Treasure Lake",33.637912979394905,-84.92106310867219,Lake
"Mathis Lake",33.07038547190788,-84.72749820946426,Lake
"George H Sparks Reservoir",33.75779394530831,-84.63523357956818,Lake
"Harbins Lake",33.482641543327766,-84.28323082380223,Lake
"Bibbs Lake",33.42566844918731,-84.85336612568108,Lake
"Skyland Lake",33.3450659412406,-84.08867669122557,Lake
"Lake Erma",33.453433671664285,-84.2583932861549,Lake
"Bull Sluice Lake",33.988831678060755,-84.37901282179958,Lake
"Pinley Lake",33.481216244929875,-84.5404221122821,Lake
"Lake Jodeco",33.514336415193135,-84.29418263808392,Lake
"Chief McIntosh Lake",33.24746523439272,-83.93503710732668,Lake
"Lake Bulow Campbell",33.46522637865304,-83.86791986378486,Lake
"Murder Creek Lake",33.44944562619087,-83.72484366136354,Lake
"Parkers Lake",33.74642793028414,-83.94210917966541,Lake
"Boyle Murder Lake",33.45574015380324,-83.73234224960683,Lake
"Boyle Lake Number Five",33.44212244385677,-83.73545876945072,Lake
"Lake Oconee",33.46552260569902,-83.2359415190875,Lake
"Lake Oglethorpe",33.86889739410312,-83.22930260082845,Lake
"Vason Lake",33.45326397205277,-83.52976042826087,Lake
"Lake Sinclair",33.21866547895533,-83.2586026967229,Lake
"Lower Williams Lake",33.669155847736285,-83.80875217080118,Lake
"Rockdale Lake",33.706622778996675,-83.97478382447719,Lake
"Lake Rutledge",33.64790380749243,-83.58706284861415,Lake
"Malone Lake",33.26357830737339,-83.68030464644835,Lake
"Watershed Lake",33.95623751122519,-83.62099420795354,Lake
"Jackson Lake",33.367149664847545,-83.86340425947164,Lake
"Rock Eagle Lake",33.418007672076,-83.39171801057348,Lake
"Covington Reservoir",33.62977065828063,-83.8485776213339,Lake
"Beaverdam Creek Lake",33.7318018805315,-82.82842307964263,Lake
"Jordan Millpond",33.04204881030233,-82.6806431485653,Lake
"J. Strom Thurmond Reservoir",33.851087238812056,-82.38156505653637,Lake
"Lake Olmstead",33.49490859948772,-82.00322854436071,Lake
"J. Strom Thurmond Reservoir",33.65504018517344,-82.43496543499388,Lake
"Kellys Pond",33.03116740809716,-82.35684474947234,Lake
"Johnsons Lake",33.364645818777085,-82.63362569237023,Lake
"Harrison Lake A",33.51785459537385,-82.46166146324653,Lake
"Clarks Mill Pond",33.081022565408475,-82.46905542515817,Lake
"Richmond Factory Pond",33.34869515976973,-82.05919452615613,Lake
"Fort Gordon Reservoir",33.4329768931228,-82.10625949421087,Lake
"Huber Lake",33.2737786124481,-82.41979703390044,Lake
"Hamburgh Millpond",33.210781742110214,-82.78924614380038,Lake
"Lower Leitner Pond",33.34861627794171,-82.24367399313353,Lake
"Bowdens Pond Number One",33.32507892368923,-82.40286474669574,Lake
"Harrison Lake B",33.53260211402529,-82.46393934855652,Lake
"J. Strom Thurmond Reservoir",33.97917963805361,-82.61049824887057,Lake
"Archers Lakes",33.12123581078058,-82.69579132927248,Lake
"Kaolin Mines Lake",33.33014402555266,-82.44860453733322,Lake
"Mays Millpond",33.084679959423454,-82.768985802894,Lake
"Shivers Lake Number One",33.46529152536591,-82.79891834065235,Lake
"Warrenton City Pond",33.40003585569562,-82.71340472075875,Lake
"Usry Pond",33.42134581973282,-82.45273157724898,Lake
"Etheredge Millpond",33.6323775409488,-81.05125807186006,Lake
"Mobley Swamp",33.01148000747756,-81.55991701291987,Lake
"Vaucluse Pond",33.61958047817697,-81.80886938180355,Lake
"Edgar A Brown Lake",33.25521754102756,-81.36584853924998,Lake
"Neeses Lake",33.58769138126374,-81.51121216214383,Lake
"Doussoss Bay",33.163299463383446,-81.12379515336016,Lake
"Tutens Millpond",33.01756416463211,-81.2251999601037,Lake
"Clearwater Lake",33.50720321375641,-81.89494317785561,Lake
"Hunt Pond",33.908288900594094,-81.17060111028897,Lake
"Cowford Lake",33.418101976391256,-81.17103838816445,Lake
"Reynolds Pond",33.623942368105055,-81.70639050908859,Lake
"Lake Murray",34.08483365832812,-81.4292056354734,Lake
"Pond Five",33.256909179363475,-81.57099649714367,Lake
"Carolina Eastman Waste Pond",33.86122196335698,-81.00534225456,Lake
"Alligator Bay",33.1573491084674,-81.14417476558967,Lake
"Moragne Pond",33.8740538701725,-81.2499088110888,Lake
"Lexington Acres Pond",33.84435217377497,-81.0534836792882,Lake
"Phinizy Swamp",33.41173856773829,-81.9719243353086,Lake
"Odell Memorial Lake",33.77959518640939,-81.89557362199979,Lake
"Green Savannah Lake",33.13761490144826,-81.37035512547948,Lake
"Cypress Pond",33.175087597006375,-81.14234444407366,Lake
"Langley Pond",33.534319066657915,-81.82998737511421,Lake
"The Big Bay",33.06438719665247,-81.52491606291544,Lake
"Bennock Millpond",33.26042989998312,-81.89377678723443,Lake
"Telfair Pond",33.11532777661096,-81.76795290465385,Lake
"The Bay",33.089443225255586,-81.54994989970405,Lake
"Craigs Pond",33.28739897087887,-81.47901009852362,Lake
"Oliver Swamp",33.00982658130607,-81.588960376294,Lake
"Sutton Bay",33.23524281928306,-81.08720490597862,Lake
"Fort Pond",33.762817617622346,-81.23887469738533,Lake
"Chitty Pond",33.161134707533165,-81.1659785807635,Lake
"Pond B",33.29904700030896,-81.5449382208452,Lake
"Paxton Millpond",33.86047485821466,-81.3451286064165,Lake
"D'Antignac Swamp",33.1921822691977,-81.77867324219497,Lake
"Wastewater Treatment Pond Number Two",33.32965954564689,-81.9445500197236,Lake
"Calmont Pond",33.76679953112699,-81.03930159921336,Lake
"Millers Pond",33.21636021705492,-81.8804469783269,Lake
"Wastewater Treatment Pond Number Four",33.325312246881516,-81.94278530232388,Lake
"Barr Lake",33.95501097788451,-81.26387656334587,Lake
"Smiths Lake",33.02212332977365,-81.50447525083295,Lake
"Edisto Lake",33.67558907234232,-81.32398785180985,Lake
"Booker Pond",33.31470712344144,-81.25930859456918,Lake
"Graniteville Pond Two",33.580687100543514,-81.80727094522588,Lake
"Brunston Swamp",33.2354901568597,-81.06573517411172,Lake
"Davis Pond",33.87583047435906,-81.54476249404254,Lake
"Crystal Lake",33.928296374543976,-81.22666621120987,Lake
"Ben Rice Bay",33.194062493226774,-81.10663212473344,Lake
"Wastewater Treatment Pond Number Five",33.32815657383519,-81.9304708061367,Lake
"Little Junkyard Bay",33.64992403949671,-80.07419418464372,Lake
"Dogwood Pond",33.738226412837726,-80.0330099850277,Lake
"Second Millpond",33.92279969972678,-80.38649071008852,Lake
"Wadboo Swamp",33.30082965903519,-80.60042822552074,Lake
"J J Padgett Pond",33.019401123433525,-80.83813885464417,Lake
"Murray Pond",33.99311500789369,-80.71192068779041,Lake
"Bulltown Bay",33.39054805416721,-80.10353371336956,Lake
"Lake Marion",33.69092627751762,-80.59940893200262,Lake
"Laurel Swamp",33.07160129735972,-80.0514093414937,Lake
"Wassamassaw Swamp",33.181251997220755,-80.1601085849439,Lake
"Kirk Swamp",33.411607160686614,-80.10459566671383,Lake
"Todd Bay",33.30971563770993,-80.17563831740831,Lake
"Mosquito Bay",33.2330271014816,-80.23890965965123,Lake
"Junkyard Bay",33.63764071096276,-80.09442543536144,Lake
"Little Bull Swamp",33.44628540780238,-80.64559211609443,Lake
"Fork Swamp",33.77150904751905,-80.60618579940837,Lake
"Wateree Swamp",33.83729922925652,-80.59050277528883,Lake
"Pigeon Bay",33.26831589245865,-80.21665107758098,Lake
"Bee Tree Bay",33.16079547851282,-80.1010649370603,Lake
"Rainbow Lake",33.81306043541646,-80.09206475307555,Lake
"Lake Marion",33.51856274011049,-80.3426149731949,Lake
"Cypress Bay",33.66583217870694,-80.07339766315107,Lake
"Boyds Pond",33.922991137717275,-80.7566591701435,Lake
"Crooked Bay",33.392595432167255,-80.05038479014907,Lake
"Margate Swamp",33.43302309924744,-80.03214095484802,Lake
"Daisy Swamp",33.04014169658164,-80.06892746941432,Lake
"Old Millpond",33.907572275615536,-80.4740738260546,Lake
"Dingle Pond",33.51934940049895,-80.41795845741316,Lake
"Tiger Bay",33.624236165909686,-80.06894850330076,Lake
"Lake Katherine",34.00418389139244,-80.96292865012707,Lake
"White Pond",33.66982541331795,-80.10168052655368,Lake
"Big Bay",33.78759225825038,-80.46905224537154,Lake
"Caton Bay",33.205686973835704,-80.24480073571904,Lake
"Moon Savanna",33.30693803482101,-80.26378966566887,Lake
"Tony Hill Bay",33.22947944130402,-80.95413094067034,Lake
"Simmons Bay",33.159008718802895,-80.1357779178099,Lake
"Saylors Lake",33.82149734290225,-80.94025862037311,Lake
"Des Champs Pond",33.840807742949615,-80.36723459140488,Lake
"Hog Bay",33.23033442437812,-80.97065469060357,Lake
"Sophia Swamp",33.056954685661545,-80.01281817031386,Lake
"Maple Cane Swamp",33.02697853070859,-80.45312937104255,Lake
"Hog Bay",33.66087486189942,-80.0974335286705,Lake
"Boyle Pond",33.87865755144451,-80.44604617316611,Lake
"Black River Swamp",33.84106246521081,-80.14599820706175,Lake
"Mikell Pond",33.9625409178417,-80.56621704489352,Lake
"Huttos Lake",33.23305823075514,-80.42934941726902,Lake
"Whites Millpond",33.98868064118318,-80.32880222206583,Lake
"Sun View Lake",33.97162504163569,-80.91224874259943,Lake
"White Marsh Swamp",34.0248035543499,-80.64137676149134,Lake
"Lake Moultrie",33.34158102837571,-80.08121344247743,Lake
"Ellory Swamp",33.11890208784453,-80.0081892208929,Lake
"Polk Swamp",33.28300326487831,-80.68462257338817,Lake
"Elliott Lake",33.85059271551055,-80.49999309070138,Lake
"Whites Bay",33.11404382657166,-80.09063443841838,Lake
"Railroad Pond",33.16085750893681,-80.42695432644663,Lake
"Pigeon Bay",33.64387214391397,-80.04175498073434,Lake
"Toney Bay",33.338229724786,-80.347194000547,Lake
"Cain Millpond",33.85585057099818,-80.3984562576708,Lake
"Gum Swamp",34.00483788887747,-80.60390865180692,Lake
"Buzzard Bay",33.29926540280669,-80.2055588392628,Lake
"Big Bay",33.73995749889565,-80.21617692341816,Lake
"SCE and G Ash Pond",33.075035677964564,-80.62220931970376,Lake
"Ditch Bay",33.23662303858568,-80.23464385957233,Lake
"Guise Bay",33.6402716788971,-80.08026508275674,Lake
"Cypress Bay",33.93210171930867,-80.42257607238012,Lake
"Tillmans Bay",33.109032583931395,-80.09712611477859,Lake
"Brick Bound Swamp",33.007369282295095,-80.01060890865851,Lake
"Cypress Swamp",33.016485158068676,-80.2896976858239,Lake
"Gum Pond",33.68079052396975,-80.20577313757846,Lake
"Lake Marion",33.70991839211876,-80.56544584885837,Lake
"Lake Marion",33.70429219565029,-80.5797614415777,Lake
"Cedar Creek Reservoir",34.52822704538704,-87.92049591702802,Lake
"Bear Creek Reservoir",34.38180828565418,-87.95135266316099,Lake
"Wheeler Lake",34.61626474672831,-86.95912509952032,Lake
"Number Six Lake",34.50134630519803,-87.66506988919672,Lake
"Wilson Lake",34.82959972814188,-87.53117202297476,Lake
"Vickery Lake",34.59246313686709,-87.38417322354657,Lake
"Wheeler Reservoir",34.837182368478054,-87.17836763597815,Lake
"Lake Buttahatchee",34.11372028662688,-87.69977067310589,Lake
"Russellville Reservoir",34.517488998924584,-87.79773168128067,Lake
"Upper Bear Creek Reservoir",34.29812615721611,-87.65703140995201,Lake
"Harding Bottoms",34.8145214810787,-87.83793142350272,Lake
"Kaiser Bottom",34.05032185390956,-87.47771445599336,Lake
"Brushy Creek Lake",34.29804474993489,-87.27065784973176,Lake
"Sloss Lake",34.486528010206996,-87.71016635385214,Lake
"Moulton City Lake",34.55073462359942,-87.26375018607413,Lake
"Swoope Pond",34.68313369556667,-87.2605220514778,Lake
"Wheeler Reservoir",34.7630295247764,-87.26852460124165,Lake
"Blackwell Swamp",34.58439859301039,-86.78303475578325,Lake
"Lake Catoma",34.21874267384038,-86.8045145920648,Lake
"Madison County Lake",34.81059383411022,-86.39135226149007,Lake
"Woodland Lake",34.551971345672996,-86.267629530123,Lake
"Smith Lake",34.78021287661338,-86.35791235080023,Lake
"Blair Swamp",34.71928076871934,-86.89492540997009,Lake
"Doctor Jenkins Lake",34.05174262708222,-86.32079151334993,Lake
"Dinsmore Slough",34.53793536888556,-86.96310139819168,Lake
"Forest Ingram Lake",34.164540348027174,-86.76830155012766,Lake
"Lady Ann Lake",34.66817240301157,-86.72107481849226,Lake
"Dyas Swamp",34.866299542236106,-86.67228530483627,Lake
"George Lake",34.23330325029312,-86.84065475545933,Lake
"Beaverdam Swamp",34.69570452149843,-86.83305001092401,Lake
"Beaverdam Swamp",34.66157247879594,-86.82126338249486,Lake
"Aurora Lake",34.12642020541726,-86.16150471173566,Lake
"Osborne Lake",34.101367463125975,-86.53692496122343,Lake
"Crabtree Slough",34.553066738001824,-86.96058023279923,Lake
"Guntersville Lake",34.61491471107586,-86.04697077125624,Lake
"Webb Pond",34.87493702741944,-86.70069790637015,Lake
"Lewis Smith Lake",34.03465507808021,-86.95490189258099,Lake
"Mitchell Pond",34.54815627051672,-86.76735219772448,Lake
"Paris Lake",34.16924712988226,-85.20350117404048,Lake
"Nickajack Lake",35.03832741996939,-85.51516422153,Lake
"Lake Conasauga",34.288429310934504,-85.2373209694961,Lake
"Wax Lake",34.14045478937392,-85.09402493929558,Lake
"Republic Lake",34.52606409269285,-85.61300520882816,Lake
"Howard Lake",34.756136210747485,-85.25117499371609,Lake
"Selman Lakes",34.36818444048895,-85.29375221026086,Lake
"LaFayette City Reservoir",34.73547697269981,-85.26094585481768,Lake
"Lake Tightsqueeze",34.38989939424919,-85.30093197317642,Lake
"Berry Reservoir",34.32770840656143,-85.26821234259604,Lake
"Weiss Lake",34.20114662704893,-85.58555690690804,Lake
"Fort Payne City Lake",34.51826893285684,-85.66650242833451,Lake
"Lake Marvin",34.56678197152653,-85.08498399352129,Lake
"Lake Weisner",34.06804292077385,-85.67604983974331,Lake
"Cashs Lake",34.31742589790142,-85.73477908770418,Lake
"DeKalb County Public Lake",34.577040690554405,-85.79808998369477,Lake
"Lloyds Lake",34.77522504502941,-85.44418637161566,Lake
"Hiag Mill",34.82352746456327,-84.98309471437184,Lake
"Blue Ridge Lake",34.8455396138865,-84.26384591148444,Lake
"Canton Mills Lake",34.28005869637433,-84.47739953226068,Lake
"Rainbow Lake",34.75140066418117,-84.60762709437978,Lake
"Lake Tamarack",34.49269244561744,-84.36841469127653,Lake
"Carters Lake",34.616842607292334,-84.63564915741068,Lake
"Nottely Lake",34.91649839399114,-84.05390056726566,Lake
"Allatoona Lake",34.14889321268633,-84.65181550819368,Lake
"Garrett Lake",34.085899822867034,-84.41563438114008,Lake
"Lake Sidney Lanier",34.282781995064326,-83.9481280335726,Lake
"Lake Woodruff",34.92945079957326,-84.1358388391863,Lake
"Aubrey Lake",34.25266163292527,-84.77566880453428,Lake
"Lake Acworth",34.05555996676754,-84.67750691316657,Lake
"Upper Aubrey Lake",34.261577823770054,-84.7391589289895,Lake
"Defoor Walters Lake",34.52232486786852,-84.75466578572014,Lake
"Drummond Swamp",34.129710657715286,-84.95326358369091,Lake
"Grandview Lake",34.50519599931352,-84.39748954838606,Lake
"Reregulation Reservoir",34.596270983774396,-84.67557571621712,Lake
"Lake Petit",34.46765229974776,-84.28815002416894,Lake
"Lake Arrowhead",34.3056845975269,-84.59501685284135,Lake
"Amakanata Lake",34.49354581000764,-84.89502743035553,Lake
"Martin Lake",34.00488245171262,-84.31899850013964,Lake
"Corley Lake",34.014136638132015,-84.9223154167839,Lake
"Lake Windwood",34.07973323090239,-84.2264936903629,Lake
"Habersham Mills Lake",34.59467349485585,-83.54845523852944,Lake
"Looper Lake",34.144077953219686,-83.8990180403023,Lake
"Lake Louise",34.604132608440025,-83.2788577388932,Lake
"Reservoir 64",34.099179772987995,-83.1276231961715,Lake
"Lake Burton",34.834987765247305,-83.55531354340422,Lake
"Lake Russell",34.492193926102544,-83.49374176420976,Lake
"Seed Lake",34.77125375773065,-83.51335931296607,Lake
"Hartwell Lake",34.520034622845614,-83.04426159775485,Lake
"Reservoir 29",34.066422976703905,-83.22539945380801,Lake
"Dam Number 10",34.03592874945396,-83.38325784936963,Lake
"Coneross Creek Reservoir",34.72722309191203,-83.11062917846073,Lake
"Lake Becky",34.850788078541136,-83.11439447578564,Lake
"Lake Upper Mulberry River Eleven",34.05243507656212,-83.88271696456553,Lake
"Lake Cherokee",34.90849489035578,-83.06334759813835,Lake
"Lake Rabun",34.76111847291255,-83.44630206965203,Lake
"Tugaloo Lake",34.73110574918247,-83.34996033174983,Lake
"Chatuge Lake",34.9776832678418,-83.76944741144868,Lake
"Reservoir 27",34.152416523707856,-83.27423907264516,Lake
"Reservoir Number 44",34.484040471407006,-83.4550671122274,Lake
"Yonah Lake",34.695115978395506,-83.34659633993768,Lake
"Pritchett Swamp",34.37641585095208,-83.38536094009373,Lake
"Whitewater Lake",34.909212177950906,-83.01039229943933,Lake
"Lavonia Water Works Lake",34.467240442009995,-83.13979109736157,Lake
"Reservoir 59",34.344691574211275,-83.61481208609933,Lake
"Crystal Lake",34.82761318302912,-83.13885298759489,Lake
"Reservoir 51",34.270358940960385,-83.50374162123305,Lake
"Lake Leroy",34.87586157835072,-83.14984945328946,Lake
"Tallulah Falls Lake",34.742925205313306,-83.40354190124606,Lake
"Lake Keowee",34.81895031158733,-82.92264299862738,Lake
"Saluda Lake",34.871295216214044,-82.48844718350125,Lake
"Big Creek Watershed One Reservoir",34.63612190451442,-82.4904372931495,Lake
"Twelve Mile River Watershed Six Reservoir",34.91362996841296,-82.73053109634385,Lake
"Lake Cunningham",34.98126862882536,-82.26476592966944,Lake
"Secession Lake",34.297018687445735,-82.58772294902198,Lake
"Lake Cooley",35.00249850377361,-82.10215767777076,Lake
"Lyman Lake",35.00336414573615,-82.19894423254388,Lake
"Reservoir 30",34.20745477412626,-82.95481961880904,Lake
"Berry Shoals Pond",34.890985350193205,-82.10517878872398,Lake
"Harpers Folly Lake",34.766129977936615,-82.18558357403771,Lake
"Broadway Lake",34.45766748371629,-82.58780875435501,Lake
"Issaqueena Lake",34.743295318284105,-82.86148285382862,Lake
"Greenwood Reservoir",34.26347685324231,-82.13254857568327,Lake
"Anderson Reservoir",34.62563485359809,-82.57618807808483,Lake
"Conestee Lake",34.77427587269478,-82.35111618880696,Lake
"Boyd Millpond",34.46319973019951,-82.2074563913146,Lake
"Lake Greenwood",34.264691699078305,-82.02877461426009,Lake
"Snows Lake",34.66816736386668,-82.36099393355575,Lake
"Hartwell Lake",34.39454459460025,-82.87382984729965,Lake
"Country Club Lake",34.84053759536209,-82.68470569513724,Lake
"Silver Lake",34.883715120919014,-82.11356482253659,Lake
"Richard B Russell Lake",34.159041186239854,-82.71660554770509,Lake
"Lake Jocassee",35.007879619957784,-82.93920850378349,Lake
"Caldwell Lake",34.995060139950596,-81.28669132802241,Lake
"Chester Reservoir",34.718447617206934,-81.2511232185532,Lake
"Monticello Reservoir",34.352391033354714,-81.31117641138988,Lake
"Mountain Lakes - Upper Lake",34.660875142732124,-81.26231430338828,Lake
"Lake Edwin Johnson",34.87164609552693,-81.84097024871666,Lake
"Chester State Park Lake",34.675405370036216,-81.23921619703151,Lake
"Zimmerman Pond",34.850250224441695,-81.89618505002748,Lake
"Parr Shoals Reservoir",34.31958376149833,-81.36485672389935,Lake
"Tucker Lake",34.13020060078609,-80.82394289814773,Lake
"McGrits Millpond",34.13688842644047,-80.34201245542576,Lake
"Betty Neck Swamp",34.15904937730551,-80.65649477345356,Lake
"Noahs Marsh",34.031110587730595,-80.75674078382053,Lake
"Teal Millpond",34.66514689622308,-80.01158259557428,Lake
"Kendall Lake",34.2624115515208,-80.59122648388595,Lake
"F Coopers Pond",34.11568591032312,-80.81179541522671,Lake
"Fishing Creek Reservoir",34.63953313133453,-80.88630502543162,Lake
"Lake Columbia",34.175547862641686,-80.92830389542405,Lake
"Buck Swamp",34.84118110144672,-80.24535174268783,Lake
"Cedar Creek Reservoir",34.552157831204966,-80.88204711330393,Lake
"Wateree Lake",34.40912698652871,-80.80766162640177,Lake
"Windsor Lake",34.07111005742946,-80.93550526916191,Lake
"Marco Millpond",34.27741318260456,-80.13307628076127,Lake
"Prestwood Lake",34.38193713891147,-80.08067928762945,Lake
"Clarks Lake",34.119733031008906,-80.90018638168117,Lake
"Rockford Lake",34.03930624714871,-80.94779924777076,Lake
"Lake Robinson",34.4516289057653,-80.15693640018458,Lake
"Raley Millpond",34.531753337987865,-80.3842601307385,Lake
"White Pond",34.16758428935524,-80.77597646508524,Lake
"Hill Creek Watershed One Reservoir",34.78163528332408,-80.43761732009561,Lake
"Rocky Ford Lake",34.05569679962196,-80.95507098427183,Lake
"English Swamp",34.087873961892,-80.65098501645767,Lake
"Wise Marsh",34.05121770768099,-80.78920608649165,Lake
"Lancaster Reservoir",34.70294835609094,-80.74989496729383,Lake
"Messers Pond",34.07368867237362,-80.79146943835183,Lake
"Boykin Mill Pond",34.13541311893928,-80.57485851116137,Lake
"Ellerbees Millpond",34.07122145429117,-80.52986169244464,Lake
"Harolds Millpond",34.263681345424075,-80.08677534274356,Lake
"Martin Lake",34.55755555055173,-80.21934111926899,Lake
"Colonial Lake",34.315409026845074,-80.5985050739807,Lake
"White Oak Slash Lake",34.08697385749947,-80.6023258026178,Lake
"Lake Lee",34.95627887050648,-80.51319420728791,Lake
"Ashwood Lake",34.10414040780057,-80.31798574022172,Lake
"Great Falls Reservoir",34.587855572092195,-80.89126377674616,Lake
"Forest Lake",34.02916986041749,-80.95640247329304,Lake
"Lake Monroe",34.9342274041862,-80.52288200750134,Lake
"Dinkins Millpond",34.03650740090239,-80.53047686938662,Lake
"Prestwood Lake",34.37496407830903,-80.10035659607617,Lake
"Wadesboro Municipal Lake",34.92165632880105,-80.08748417884551,Lake
"Mays Lake",34.57747587277038,-80.1801080461072,Lake
"Arrow Lake",35.49837678828597,-87.18463300219392,Lake
"Laurel Hill Lake",35.3415367433155,-87.54255197999109,Lake
"Dan Maddox Lake",35.43018019842366,-87.46313304671813,Lake
"Dan Maddox Fishing Lake",35.41988639159537,-87.48512626061758,Lake
"Tailings Pond Number Nine",35.65941253337035,-87.13951358180091,Lake
"Hooker Number Six Tailings Pond",35.64660298697724,-87.03044846153773,Lake
"Stauffer Chemical Tailings Pond Number Nineteen",35.52013291934778,-87.18267009015315,Lake
"Tailings Pond Number Ten",35.66206860553961,-87.13018926784082,Lake
"New Shoal Creek Reservoir",35.22802756407302,-87.35711481814269,Lake
"Hooker Chemical Pond C",35.70334163324631,-87.21823113359497,Lake
"Tailings Pond Number Ten",35.675270655599675,-87.03205657065871,Lake
"Stewart Swamp",35.165524480876144,-86.02347330528794,Lake
"Mingo Swamp",35.16216021999976,-86.20508005810329,Lake
"Sinking Pond",35.40988751414285,-86.06558624671459,Lake
"Morton Lake",35.4998846471478,-86.09700816510949,Lake
"AEDC Retention Reservoir",35.379183371564736,-86.06100648706567,Lake
"Woods Reservoir",35.31273553269085,-86.05467876888068,Lake
"Duncan Lake",35.27285002733398,-86.07964341381415,Lake
"Normandy Lake",35.45199067461026,-86.19093330303997,Lake
"Bedford Lake",35.50353356243715,-86.24905408929054,Lake
"Lincoln Lake",35.116110814632556,-86.38984489024762,Lake
"Tims Ford Lake",35.22464089960703,-86.20514212209822,Lake
"Ramsey Lake",35.32947373712591,-85.73967565532966,Lake
"Fall Creek Falls Lake",35.65098062842342,-85.37219833120272,Lake
"Day Lake",35.18364422837303,-85.87949862860013,Lake
"Cumberland Mountain Lake",35.3945595184987,-85.8810046490009,Lake
"Wonder Lake",35.94983953887867,-85.31887174632794,Lake
"Harvest Farms Lake",35.61545656563266,-85.8730069378179,Lake
"Lake Holiday",35.94842095695629,-85.06910662007559,Lake
"Meadow Park Lake",35.89276722545956,-85.10637963537417,Lake
"Mizer Swamp",35.76624111707513,-85.80991091227794,Lake
"Lake Tansi",35.87038903312235,-85.07123597346339,Lake
"Lake Mohawk",35.89193918909095,-85.05195286392942,Lake
"Billy Branch Lake",35.884289946050274,-85.32353580073327,Lake
"Bickerstaff Lake",35.60483389326179,-85.35572934984755,Lake
"S K Johnson Lake",35.413046082465044,-85.50412644791119,Lake
"Dallas Lake",35.40393767059003,-84.97240053765402,Lake
"Lake Karen",35.72048195851726,-85.71360165297811,Lake
"Big Creek Lake",35.366186283060706,-85.70823652606872,Lake
"Raccoon Mountain Pumped Storage Dam and Reservoir",35.048778388971556,-85.39301951364932,Lake
"Clifftops Lake",35.197076187317215,-85.86164197868192,Lake
"Laurel Mountain Lake",35.42932811533863,-84.33194050065693,Lake
"Ocoee Number Three Lake",35.02754060085409,-84.44175427507004,Lake
"Indian Boundary Lake",35.39756492887652,-84.11433149473405,Lake
"Brown Creek Lake",35.990844836452254,-84.90993730053171,Lake
"Apalachia Lake",35.16050433147775,-84.2394053743333,Lake
"Persimmon Lake",35.117914167358336,-84.13291387876892,Lake
"Lake Ocoee",35.091619447634855,-84.61907891413279,Lake
"Sweetwater Creek Watershed Number One Reservoir",35.56092387591448,-84.49957799463273,Lake
"Lake Cherokee",35.061722526537444,-84.16701949095925,Lake
"Campbell Cove Lake",35.07616193238199,-84.39681417940885,Lake
"Chilhowee Lake",35.527573596571834,-84.00427824980498,Lake
"Judd Slough",35.36677718071407,-84.91123942405586,Lake
"Larry Turner Lake",35.97479282450686,-84.98082217476635,Lake
"Whiteoak Lake",35.892479611152666,-84.42825261643662,Lake
"Fox Creek Lake",35.99525068266878,-84.97459433550398,Lake
"Gypsum Pond",35.01596951694433,-84.3583579502084,Lake
"Tellico Lake",35.603623295919796,-84.2193327350217,Lake
"Blue Spring Slough",35.56348859039067,-84.86200685972207,Lake
"London Mills Tailings Pond",35.050785844744304,-84.36193403055191,Lake
"Fort Loudoun Lake",35.83715627797241,-84.08495329082056,Lake
"Watts Bar Lake",35.764148927901694,-84.60318240647388,Lake
"Fontana Lake",35.40569346842819,-83.60823520388635,Lake
"Calderwood Lake",35.471252142130105,-83.95342869763773,Lake
"Nantahala Lake",35.17942282604147,-83.66360648485286,Lake
"Fontana Lake",35.44505273257666,-83.55390607754623,Lake
"Santeetlah Lake",35.34859764201877,-83.85658333153503,Lake
"Sapphire Lake",35.109151974962764,-83.02257243094567,Lake
"Bear Creek Lake",35.23425638847942,-83.04951474313917,Lake
"Lake Glenville",35.17307467762835,-83.14861406188383,Lake
"Lake Emory",35.21476659939528,-83.36982892313488,Lake
"Cedar Cliff Lake",35.24844968397542,-83.08806900106826,Lake
"Fairfield Lake",35.12834215438258,-83.04234728070165,Lake
"Wolf Creek Lake",35.228834529135014,-82.99381756046766,Lake
"Lake Sequoyah",35.06271883290121,-83.22093204481662,Lake
"Douglas Lake",35.974928334069915,-83.39450765153406,Lake
"Lake in the Sky",35.655490665227354,-83.90783697386232,Lake
"Waterville Lake",35.68052062153946,-83.03038099366994,Lake
"Lake Junaluska",35.52462197336079,-82.97287389881163,Lake
"Lake William C Bowen",35.10935065688548,-82.06118764073857,Lake
"North Fork Reservoir",35.67014213042745,-82.33795961680002,Lake
"Lake Lanier",35.190507220644285,-82.23937303126696,Lake
"Enka Lake",35.5317121482685,-82.65710357848673,Lake
"Cascade Lake",35.21043483239455,-82.63269596255394,Lake
"Beaver Lake",35.63426237601739,-82.56277787197097,Lake
"Summit Lake",35.17786743879232,-82.60313922030606,Lake
"North Saluda Reservoir",35.15367974787551,-82.3933830590516,Lake
"Lake Logan",35.41432475466287,-82.92867618509374,Lake
"Beetree Reservoir",35.646559459111565,-82.4028436052712,Lake
"Lake Adger",35.33628384981022,-82.20741718450012,Lake
"Ticoa Lake",35.15297446381548,-82.73605880742234,Lake
"Thunder Lake",35.13188490273558,-82.66601847650168,Lake
"Lake Tahoma",35.72786565625922,-82.08512607124602,Lake
"Table Rock Reservoir",35.06403049479024,-82.68422471035426,Lake
"Lake Julian",35.474482761679916,-82.53476850606923,Lake
"Lake Summit",35.22560002146758,-82.41506219337666,Lake
"South Pacolet River Reservoir Number One",35.10657771739416,-81.99604335302655,Lake
"Lake Lure",35.43473432179152,-82.19950318263787,Lake
"Noname",35.25767874269609,-82.69421347259798,Lake
"Atagahi Lake",35.14753000056832,-82.71669471534695,Lake
"Thicketty Creek Watershed Number Twenty Reservoir",35.087487688726185,-81.74502792102689,Lake
"Lake Whelchel",35.10970319946967,-81.63407792051288,Lake
"Thicketty Creek WCD Lake Number 26",35.07874046134244,-81.78372596944806,Lake
"Lake Wylie",35.100482675039565,-81.04423214368937,Lake
"Lake York",35.12666754547916,-81.33949486409392,Lake
"Kings Mountain Reservoir",35.30314328667871,-81.45396839243998,Lake
"Noname",35.18401511895014,-81.01335540389887,Lake
"Rankin Lake",35.29233340836834,-81.19601410388124,Lake
"Muddy Creek B S A Lake",35.5918506803349,-81.87187367738741,Lake
"Lake James",35.75049395162321,-81.89605286080922,Lake
"Rhodhiss Lake",35.78156934495801,-81.53730961939688,Lake
"Lake Lookout",35.77103282120269,-81.10127768677572,Lake
"Lake Norman",35.56167014811062,-80.94115985916059,Lake
"Shuford Pond",35.8218514373816,-81.34103515491383,Lake
"Old Millpond",35.8082114412658,-81.41507589978251,Lake
"Lake Hickory",35.80367706151059,-81.28129779027314,Lake
"Lake Twitty",35.031906389954045,-80.48900963134201,Lake
"Lake Concord",35.480968953335605,-80.58976221096232,Lake
"Lake Fisher",35.4980552899299,-80.57425353557444,Lake
"Mountain Island Lake",35.35455042858251,-80.95154922124456,Lake
"Long Lake",35.353721606568975,-80.23269206525713,Lake
"Tuckertown Reservoir",35.531398810684045,-80.2015703871748,Lake
"Lake Tillery",35.28100032423443,-80.0849765023112,Lake
"Badin Lake",35.46457368719333,-80.10545233180947,Lake
"Kannapolis Lake",35.52344967607274,-80.64539228971617,Lake
"Lake Tom-A-Lex",35.89510349078768,-80.18131641299816,Lake
"Dutchmans Creek Lake",35.89286070570381,-80.48706503254174,Lake
"City Lake",35.86513384111684,-80.21411271397635,Lake
"Rum Creek",33.04825838677825,-83.78270850513485,Creek
"Edisto River",33.053375235590906,-80.43772679784823,Creek
"Santee River",33.50308734817061,-80.0327110989796,Creek
"Santee River",33.595334018866374,-80.5160024457581,Creek
"Black River",33.81123748064862,-80.1061907359547,Creek
"Coldwater Branch",33.138923521379766,-80.42318673056194,Creek
"Edisto River",33.1566984491955,-80.709924082998,Creek
"Town Creek",34.0457333167241,-85.98626525494205,Creek
"Long Branch",34.8663008438009,-85.40198333554036,Creek
"Frees Creek",34.34138915444102,-81.3141813190649,Creek
"Wateree River",34.188376744752006,-80.63269584374581,Creek
"Lynches River",34.260093574559654,-80.21181332305356,Creek
"Calfkiller River",35.932247458280635,-85.46296815151189,Creek
"Calfkiller River",35.88125764605568,-85.47994582022045,Creek
"Rocky River",35.77456348653778,-85.607599783495,Creek